{
  "fixation_duration": {
    "ks_stat": {
      "mean": 0.5395603037224647,
      "std": 0.04273683810908478,
      "n": 13
    },
    "p_value": {
      "mean": 1.6397465144792217e-30,
      "std": 5.380765383449723e-30,
      "n": 13
    },
    "n_real": {
      "mean": 599.0,
      "std": 164.18095082982256,
      "n": 13
    },
    "n_fake": {
      "mean": 177.0,
      "std": 17.47965850748983,
      "n": 13
    },
    "real_mean": {
      "mean": 192.0285314888642,
      "std": 7.122677815888608,
      "n": 13
    },
    "fake_mean": {
      "mean": 122.4913854607422,
      "std": 1.4728941508963507,
      "n": 13
    },
    "real_std": {
      "mean": 88.48381091086686,
      "std": 6.975369507702894,
      "n": 13
    },
    "fake_std": {
      "mean": 27.415617203146596,
      "std": 2.1348758833104373,
      "n": 13
    }
  },
  "saccade_amplitude": {
    "ks_stat": {
      "mean": 0.37364928510958495,
      "std": 0.025754375724356127,
      "n": 13
    },
    "p_value": {
      "mean": 3.2396808675432436e-06,
      "std": 5.920577773028954e-06,
      "n": 13
    },
    "n_real": {
      "mean": 71.3076923076923,
      "std": 21.934814671534298,
      "n": 13
    },
    "n_fake": {
      "mean": 1339.7692307692307,
      "std": 63.21654341188504,
      "n": 13
    },
    "real_mean_deg": {
      "mean": 13.013551007100302,
      "std": 1.2130454395543444,
      "n": 13
    },
    "fake_mean_deg": {
      "mean": 19.262215534124206,
      "std": 0.22467945756379973,
      "n": 13
    }
  },
  "main_sequence": {
    "real_r": {
      "mean": 0.5450010330982538,
      "std": 0.23658679968831908,
      "n": 13
    },
    "fake_r": {
      "mean": 0.8979690141128729,
      "std": 0.006568703833013447,
      "n": 13
    }
  },
  "intersaccadic_interval": {
    "real_mean": {
      "mean": 192.0285314888642,
      "std": 7.122677815888608,
      "n": 13
    },
    "fake_mean": {
      "mean": 122.4913854607422,
      "std": 1.4728941508963507,
      "n": 13
    },
    "real_var": {
      "mean": 7878.040573079036,
      "std": 1301.7374638697268,
      "n": 13
    },
    "fake_var": {
      "mean": 756.1737616666082,
      "std": 123.08521854829552,
      "n": 13
    },
    "mean_err": {
      "mean": 69.53714602812198,
      "std": 7.074659906212472,
      "n": 13
    }
  },
  "fixation_density_map": {
    "kl_divergence": {
      "mean": 16.996445345992555,
      "std": 0.8158085540183763,
      "n": 13
    },
    "real_n_fixations": {
      "mean": 599.0,
      "std": 164.18095082982256,
      "n": 13
    },
    "fake_n_fixations": {
      "mean": 177.0,
      "std": 17.47965850748983,
      "n": 13
    }
  },
  "saccade_direction": {
    "kl_divergence": {
      "mean": 0.2618326214367173,
      "std": 0.10369836655041849,
      "n": 13
    },
    "ks_stat": {
      "mean": 0.6923076923076923,
      "std": 0.11618313436148628,
      "n": 13
    },
    "p_value": {
      "mean": 0.07781961628115473,
      "std": 0.09328417569775739,
      "n": 13
    },
    "n_real": {
      "mean": 8.0,
      "std": 0.0,
      "n": 13
    },
    "n_fake": {
      "mean": 8.0,
      "std": 0.0,
      "n": 13
    }
  },
  "classifier_auc": {
    "auc": {
      "mean": 1.0,
      "std": 0.0,
      "n": 5
    }
  }
}
