{
  "fixation_duration": {
    "ks_stat": 0.4986544231293754,
    "p_value": 3.815634237389902e-31,
    "n_real": 647,
    "n_fake": 170,
    "real_mean": 185.4466769706337,
    "fake_mean": 120.49411764705883,
    "real_std": 86.96518081639847,
    "fake_std": 27.332860434202107
  },
  "saccade_amplitude": {
    "ks_stat": 0.35144927536231885,
    "p_value": 2.3725987502363666e-08,
    "n_real": 75,
    "n_fake": 1380,
    "real_mean_deg": 14.032304497502452,
    "fake_mean_deg": 18.975776030697055
  },
  "main_sequence": {
    "real_r": 0.8162458693920153,
    "fake_r": 0.8989168446876596,
    "pass": false
  },
  "intersaccadic_interval": {
    "real_mean": 185.4466769706337,
    "fake_mean": 120.49411764705883,
    "real_var": 7562.942674428882,
    "fake_var": 747.085259515571,
    "mean_err": 64.95255932357486
  },
  "fixation_density_map": {
    "kl_divergence": 17.079918245585628,
    "real_n_fixations": 647,
    "fake_n_fixations": 170
  },
  "saccade_direction": {
    "kl_divergence": 0.16091823235677516,
    "ks_stat": 0.625,
    "p_value": 0.08702408702408701,
    "n_real": 8,
    "n_fake": 8
  },
  "classifier_auc": {
    "auc": 1.0,
    "pass": false
  },
  "n_real_seqs": 8,
  "n_fake_seqs": 45,
  "stimulus": "voicemail-neg.text.1",
  "time_s": 2707.8151133060455
}
