{
  "fixation_duration": {
    "ks_stat": 0.56582742676581,
    "p_value": 4.8139942622461925e-37,
    "n_real": 377,
    "n_fake": 183,
    "real_mean": 192.41909814323608,
    "fake_mean": 122.20218579234972,
    "real_std": 85.12960601892456,
    "fake_std": 26.986084161873336
  },
  "saccade_amplitude": {
    "ks_stat": 0.33782771535580525,
    "p_value": 1.677804989868283e-05,
    "n_real": 51,
    "n_fake": 1335,
    "real_mean_deg": 12.285761635036852,
    "fake_mean_deg": 19.07339345911432
  },
  "main_sequence": {
    "real_r": 0.5931456988524159,
    "fake_r": 0.9055314618572775,
    "pass": true
  },
  "intersaccadic_interval": {
    "real_mean": 192.41909814323608,
    "fake_mean": 122.20218579234972,
    "real_var": 7247.049820937317,
    "fake_var": 728.2487383917108,
    "mean_err": 70.21691235088636
  },
  "fixation_density_map": {
    "kl_divergence": 18.86685501127907,
    "real_n_fixations": 377,
    "fake_n_fixations": 183
  },
  "saccade_direction": {
    "kl_divergence": 0.3544499996848818,
    "ks_stat": 0.75,
    "p_value": 0.018648018648018645,
    "n_real": 8,
    "n_fake": 8
  },
  "classifier_auc": {
    "auc": NaN,
    "pass": false,
    "note": "too few valid rows after NaN removal"
  },
  "n_real_seqs": 8,
  "n_fake_seqs": 45,
  "stimulus": "voicemail-zero.text.3",
  "time_s": 2669.1967680454254
}
