{
  "fixation_duration": {
    "ks_stat": 0.4875317507869132,
    "p_value": 2.0268770257333386e-29,
    "n_real": 727,
    "n_fake": 163,
    "real_mean": 185.64786795048144,
    "fake_mean": 123.08588957055214,
    "real_std": 98.72733388955625,
    "fake_std": 28.604002202490392
  },
  "saccade_amplitude": {
    "ks_stat": 0.35276532137518685,
    "p_value": 1.8438455461347012e-10,
    "n_real": 96,
    "n_fake": 1338,
    "real_mean_deg": 11.989366057707079,
    "fake_mean_deg": 19.35241975379204
  },
  "main_sequence": {
    "real_r": 0.16394580254973184,
    "fake_r": 0.8944176481980814,
    "pass": false
  },
  "intersaccadic_interval": {
    "real_mean": 185.64786795048144,
    "fake_mean": 123.08588957055214,
    "real_var": 9747.086456939922,
    "fake_var": 818.1889420000753,
    "mean_err": 62.5619783799293
  },
  "fixation_density_map": {
    "kl_divergence": 16.541459076514194,
    "real_n_fixations": 727,
    "fake_n_fixations": 163
  },
  "saccade_direction": {
    "kl_divergence": 0.11986239324492906,
    "ks_stat": 0.625,
    "p_value": 0.08702408702408701,
    "n_real": 8,
    "n_fake": 8
  },
  "classifier_auc": {
    "auc": NaN,
    "pass": false,
    "note": "too few valid rows after NaN removal"
  },
  "n_real_seqs": 8,
  "n_fake_seqs": 45,
  "stimulus": "voicemail-zero.text.1",
  "time_s": 2693.3195612430573
}
