{
  "fixation_duration": {
    "ks_stat": 0.5256713765727552,
    "p_value": 1.463999202989382e-42,
    "n_real": 851,
    "n_fake": 205,
    "real_mean": 188.87661574618096,
    "fake_mean": 121.74634146341464,
    "real_std": 84.68781437969996,
    "fake_std": 29.579228848941227
  },
  "saccade_amplitude": {
    "ks_stat": 0.38032690722303253,
    "p_value": 6.188297571857215e-13,
    "n_real": 104,
    "n_fake": 1213,
    "real_mean_deg": 11.506512661287035,
    "fake_mean_deg": 19.23936106037791
  },
  "main_sequence": {
    "real_r": 0.2548778288441941,
    "fake_r": 0.8959362325793918,
    "pass": false
  },
  "intersaccadic_interval": {
    "real_mean": 188.87661574618096,
    "fake_mean": 121.74634146341464,
    "real_var": 7172.025904410515,
    "fake_var": 874.9307792980369,
    "mean_err": 67.13027428276632
  },
  "fixation_density_map": {
    "kl_divergence": 16.887952130635085,
    "real_n_fixations": 851,
    "fake_n_fixations": 205
  },
  "saccade_direction": {
    "kl_divergence": 0.22290092237372616,
    "ks_stat": 0.5,
    "p_value": 0.2826728826728826,
    "n_real": 8,
    "n_fake": 8
  },
  "classifier_auc": {
    "auc": NaN,
    "pass": false,
    "note": "too few valid rows after NaN removal"
  },
  "n_real_seqs": 8,
  "n_fake_seqs": 45,
  "stimulus": "voicemail-zero.text.2",
  "time_s": 2698.131208181381
}
