{
  "fixation_duration": {
    "ks_stat": 0.5063294344017418,
    "p_value": 4.3851510184519e-33,
    "n_real": 681,
    "n_fake": 174,
    "real_mean": 189.14537444933922,
    "fake_mean": 124.43103448275862,
    "real_std": 85.99986859199669,
    "fake_std": 26.274924938789848
  },
  "saccade_amplitude": {
    "ks_stat": 0.3900340763085861,
    "p_value": 3.4725221805741753e-12,
    "n_real": 91,
    "n_fake": 1377,
    "real_mean_deg": 12.71171196786602,
    "fake_mean_deg": 19.724666152959088
  },
  "main_sequence": {
    "real_r": 0.46751107517074564,
    "fake_r": 0.8968905743707799,
    "pass": false
  },
  "intersaccadic_interval": {
    "real_mean": 189.14537444933922,
    "fake_mean": 124.43103448275862,
    "real_var": 7395.977397840697,
    "fake_var": 690.3716805390408,
    "mean_err": 64.7143399665806
  },
  "fixation_density_map": {
    "kl_divergence": 17.466644080287104,
    "real_n_fixations": 681,
    "fake_n_fixations": 174
  },
  "saccade_direction": {
    "kl_divergence": 0.24318130422882972,
    "ks_stat": 0.75,
    "p_value": 0.018648018648018645,
    "n_real": 8,
    "n_fake": 8
  },
  "classifier_auc": {
    "auc": 1.0,
    "pass": false
  },
  "n_real_seqs": 8,
  "n_fake_seqs": 45,
  "stimulus": "voicemail-neg.text.0",
  "time_s": 2868.1227807998657
}
