{
  "fixation_duration": {
    "ks_stat": 0.5066960705693665,
    "p_value": 1.2795272226373722e-34,
    "n_real": 860,
    "n_fake": 174,
    "real_mean": 184.53953488372093,
    "fake_mean": 122.32183908045977,
    "real_std": 79.70030824700359,
    "fake_std": 33.1960371034918
  },
  "saccade_amplitude": {
    "ks_stat": 0.43143297380585516,
    "p_value": 4.830048144508104e-17,
    "n_real": 106,
    "n_fake": 1298,
    "real_mean_deg": 11.144427557289294,
    "fake_mean_deg": 19.564040152227008
  },
  "main_sequence": {
    "real_r": 0.2598132016688549,
    "fake_r": 0.8881632123554044,
    "pass": false
  },
  "intersaccadic_interval": {
    "real_mean": 184.53953488372093,
    "fake_mean": 122.32183908045977,
    "real_var": 6352.139134667388,
    "fake_var": 1101.976879376404,
    "mean_err": 62.217695803261165
  },
  "fixation_density_map": {
    "kl_divergence": 16.59593671494224,
    "real_n_fixations": 860,
    "fake_n_fixations": 174
  },
  "saccade_direction": {
    "kl_divergence": 0.153174301101341,
    "ks_stat": 0.5,
    "p_value": 0.2826728826728826,
    "n_real": 8,
    "n_fake": 8
  },
  "classifier_auc": {
    "auc": NaN,
    "pass": false,
    "note": "too few valid rows after NaN removal"
  },
  "n_real_seqs": 8,
  "n_fake_seqs": 45,
  "stimulus": "voicemail-zero.text.0",
  "time_s": 2676.4456856250763
}
